<Anims>
 <anim name="BUILD" root="swap_hneedle2" numframes="1000" framerate="40">
  <frame idx="0" w="106" h="577" x="-4.622665" y="-159.989487">
   <element name="swap_hneedle2" layername="swap_hneedle2" frame="0" z_index="1" m_a="0.907526" m_b="0.000000" m_c="0.000000" m_d="1.103960" m_tx="3.964035" m_ty="-92.284569"/>
  </frame>
  <frame idx="25" w="106" h="577" x="-4.622665" y="-159.989487">
   <element name="swap_hneedle2" layername="swap_hneedle2" frame="0" z_index="1" m_a="0.907526" m_b="0.000000" m_c="0.000000" m_d="1.103960" m_tx="3.964035" m_ty="-92.284569"/>
  </frame>
  <frame idx="50" w="106" h="577" x="-4.622665" y="-159.989487">
   <element name="swap_hneedle2" layername="swap_hneedle2" frame="0" z_index="1" m_a="0.907526" m_b="0.000000" m_c="0.000000" m_d="1.103960" m_tx="3.964035" m_ty="-92.284569"/>
  </frame>
  <frame idx="75" w="106" h="577" x="-4.622665" y="-159.989487">
   <element name="swap_hneedle2" layername="swap_hneedle2" frame="0" z_index="1" m_a="0.907526" m_b="0.000000" m_c="0.000000" m_d="1.103960" m_tx="3.964035" m_ty="-92.284569"/>
  </frame>
  <frame idx="100" w="106" h="577" x="-4.622665" y="-159.989487">
   <element name="swap_hneedle2" layername="swap_hneedle2" frame="0" z_index="1" m_a="0.907526" m_b="0.000000" m_c="0.000000" m_d="1.103960" m_tx="3.964035" m_ty="-92.284569"/>
  </frame>
  <frame idx="125" w="106" h="577" x="-4.622665" y="-159.989487">
   <element name="swap_hneedle2" layername="swap_hneedle2" frame="0" z_index="1" m_a="0.907526" m_b="0.000000" m_c="0.000000" m_d="1.103960" m_tx="3.964035" m_ty="-92.284569"/>
  </frame>
  <frame idx="150" w="106" h="577" x="-4.622665" y="-159.989487">
   <element name="swap_hneedle2" layername="swap_hneedle2" frame="0" z_index="1" m_a="0.907526" m_b="0.000000" m_c="0.000000" m_d="1.103960" m_tx="3.964035" m_ty="-92.284569"/>
  </frame>
  <frame idx="175" w="106" h="577" x="-4.622665" y="-159.989487">
   <element name="swap_hneedle2" layername="swap_hneedle2" frame="0" z_index="1" m_a="0.907526" m_b="0.000000" m_c="0.000000" m_d="1.103960" m_tx="3.964035" m_ty="-92.284569"/>
  </frame>
  <frame idx="200" w="106" h="577" x="-4.622665" y="-159.989487">
   <element name="swap_hneedle2" layername="swap_hneedle2" frame="0" z_index="1" m_a="0.907526" m_b="0.000000" m_c="0.000000" m_d="1.103960" m_tx="3.964035" m_ty="-92.284569"/>
  </frame>
  <frame idx="225" w="106" h="577" x="-4.622665" y="-159.989487">
   <element name="swap_hneedle2" layername="swap_hneedle2" frame="0" z_index="1" m_a="0.907526" m_b="0.000000" m_c="0.000000" m_d="1.103960" m_tx="3.964035" m_ty="-92.284569"/>
  </frame>
  <frame idx="250" w="106" h="577" x="-4.622665" y="-159.989487">
   <element name="swap_hneedle2" layername="swap_hneedle2" frame="0" z_index="1" m_a="0.907526" m_b="0.000000" m_c="0.000000" m_d="1.103960" m_tx="3.964035" m_ty="-92.284569"/>
  </frame>
  <frame idx="275" w="106" h="577" x="-4.622665" y="-159.989487">
   <element name="swap_hneedle2" layername="swap_hneedle2" frame="0" z_index="1" m_a="0.907526" m_b="0.000000" m_c="0.000000" m_d="1.103960" m_tx="3.964035" m_ty="-92.284569"/>
  </frame>
  <frame idx="300" w="106" h="577" x="-4.622665" y="-159.989487">
   <element name="swap_hneedle2" layername="swap_hneedle2" frame="0" z_index="1" m_a="0.907526" m_b="0.000000" m_c="0.000000" m_d="1.103960" m_tx="3.964035" m_ty="-92.284569"/>
  </frame>
  <frame idx="325" w="106" h="577" x="-4.622665" y="-159.989487">
   <element name="swap_hneedle2" layername="swap_hneedle2" frame="0" z_index="1" m_a="0.907526" m_b="0.000000" m_c="0.000000" m_d="1.103960" m_tx="3.964035" m_ty="-92.284569"/>
  </frame>
  <frame idx="350" w="106" h="577" x="-4.622665" y="-159.989487">
   <element name="swap_hneedle2" layername="swap_hneedle2" frame="0" z_index="1" m_a="0.907526" m_b="0.000000" m_c="0.000000" m_d="1.103960" m_tx="3.964035" m_ty="-92.284569"/>
  </frame>
  <frame idx="375" w="106" h="577" x="-4.622665" y="-159.989487">
   <element name="swap_hneedle2" layername="swap_hneedle2" frame="0" z_index="1" m_a="0.907526" m_b="0.000000" m_c="0.000000" m_d="1.103960" m_tx="3.964035" m_ty="-92.284569"/>
  </frame>
  <frame idx="400" w="106" h="577" x="-4.622665" y="-159.989487">
   <element name="swap_hneedle2" layername="swap_hneedle2" frame="0" z_index="1" m_a="0.907526" m_b="0.000000" m_c="0.000000" m_d="1.103960" m_tx="3.964035" m_ty="-92.284569"/>
  </frame>
  <frame idx="425" w="106" h="577" x="-4.622665" y="-159.989487">
   <element name="swap_hneedle2" layername="swap_hneedle2" frame="0" z_index="1" m_a="0.907526" m_b="0.000000" m_c="0.000000" m_d="1.103960" m_tx="3.964035" m_ty="-92.284569"/>
  </frame>
  <frame idx="450" w="106" h="577" x="-4.622665" y="-159.989487">
   <element name="swap_hneedle2" layername="swap_hneedle2" frame="0" z_index="1" m_a="0.907526" m_b="0.000000" m_c="0.000000" m_d="1.103960" m_tx="3.964035" m_ty="-92.284569"/>
  </frame>
  <frame idx="475" w="106" h="577" x="-4.622665" y="-159.989487">
   <element name="swap_hneedle2" layername="swap_hneedle2" frame="0" z_index="1" m_a="0.907526" m_b="0.000000" m_c="0.000000" m_d="1.103960" m_tx="3.964035" m_ty="-92.284569"/>
  </frame>
  <frame idx="500" w="106" h="577" x="-4.622665" y="-159.989487">
   <element name="swap_hneedle2" layername="swap_hneedle2" frame="0" z_index="1" m_a="0.907526" m_b="0.000000" m_c="0.000000" m_d="1.103960" m_tx="3.964035" m_ty="-92.284569"/>
  </frame>
  <frame idx="525" w="106" h="577" x="-4.622665" y="-159.989487">
   <element name="swap_hneedle2" layername="swap_hneedle2" frame="0" z_index="1" m_a="0.907526" m_b="0.000000" m_c="0.000000" m_d="1.103960" m_tx="3.964035" m_ty="-92.284569"/>
  </frame>
  <frame idx="550" w="106" h="577" x="-4.622665" y="-159.989487">
   <element name="swap_hneedle2" layername="swap_hneedle2" frame="0" z_index="1" m_a="0.907526" m_b="0.000000" m_c="0.000000" m_d="1.103960" m_tx="3.964035" m_ty="-92.284569"/>
  </frame>
  <frame idx="575" w="106" h="577" x="-4.622665" y="-159.989487">
   <element name="swap_hneedle2" layername="swap_hneedle2" frame="0" z_index="1" m_a="0.907526" m_b="0.000000" m_c="0.000000" m_d="1.103960" m_tx="3.964035" m_ty="-92.284569"/>
  </frame>
  <frame idx="600" w="106" h="577" x="-4.622665" y="-159.989487">
   <element name="swap_hneedle2" layername="swap_hneedle2" frame="0" z_index="1" m_a="0.907526" m_b="0.000000" m_c="0.000000" m_d="1.103960" m_tx="3.964035" m_ty="-92.284569"/>
  </frame>
  <frame idx="625" w="106" h="577" x="-4.622665" y="-159.989487">
   <element name="swap_hneedle2" layername="swap_hneedle2" frame="0" z_index="1" m_a="0.907526" m_b="0.000000" m_c="0.000000" m_d="1.103960" m_tx="3.964035" m_ty="-92.284569"/>
  </frame>
  <frame idx="650" w="106" h="577" x="-4.622665" y="-159.989487">
   <element name="swap_hneedle2" layername="swap_hneedle2" frame="0" z_index="1" m_a="0.907526" m_b="0.000000" m_c="0.000000" m_d="1.103960" m_tx="3.964035" m_ty="-92.284569"/>
  </frame>
  <frame idx="675" w="106" h="577" x="-4.622665" y="-159.989487">
   <element name="swap_hneedle2" layername="swap_hneedle2" frame="0" z_index="1" m_a="0.907526" m_b="0.000000" m_c="0.000000" m_d="1.103960" m_tx="3.964035" m_ty="-92.284569"/>
  </frame>
  <frame idx="700" w="106" h="577" x="-4.622665" y="-159.989487">
   <element name="swap_hneedle2" layername="swap_hneedle2" frame="0" z_index="1" m_a="0.907526" m_b="0.000000" m_c="0.000000" m_d="1.103960" m_tx="3.964035" m_ty="-92.284569"/>
  </frame>
  <frame idx="725" w="106" h="577" x="-4.622665" y="-159.989487">
   <element name="swap_hneedle2" layername="swap_hneedle2" frame="0" z_index="1" m_a="0.907526" m_b="0.000000" m_c="0.000000" m_d="1.103960" m_tx="3.964035" m_ty="-92.284569"/>
  </frame>
  <frame idx="750" w="106" h="577" x="-4.622665" y="-159.989487">
   <element name="swap_hneedle2" layername="swap_hneedle2" frame="0" z_index="1" m_a="0.907526" m_b="0.000000" m_c="0.000000" m_d="1.103960" m_tx="3.964035" m_ty="-92.284569"/>
  </frame>
  <frame idx="775" w="106" h="577" x="-4.622665" y="-159.989487">
   <element name="swap_hneedle2" layername="swap_hneedle2" frame="0" z_index="1" m_a="0.907526" m_b="0.000000" m_c="0.000000" m_d="1.103960" m_tx="3.964035" m_ty="-92.284569"/>
  </frame>
  <frame idx="800" w="106" h="577" x="-4.622665" y="-159.989487">
   <element name="swap_hneedle2" layername="swap_hneedle2" frame="0" z_index="1" m_a="0.907526" m_b="0.000000" m_c="0.000000" m_d="1.103960" m_tx="3.964035" m_ty="-92.284569"/>
  </frame>
  <frame idx="825" w="106" h="577" x="-4.622665" y="-159.989487">
   <element name="swap_hneedle2" layername="swap_hneedle2" frame="0" z_index="1" m_a="0.907526" m_b="0.000000" m_c="0.000000" m_d="1.103960" m_tx="3.964035" m_ty="-92.284569"/>
  </frame>
  <frame idx="850" w="106" h="577" x="-4.622665" y="-159.989487">
   <element name="swap_hneedle2" layername="swap_hneedle2" frame="0" z_index="1" m_a="0.907526" m_b="0.000000" m_c="0.000000" m_d="1.103960" m_tx="3.964035" m_ty="-92.284569"/>
  </frame>
  <frame idx="875" w="106" h="577" x="-4.622665" y="-159.989487">
   <element name="swap_hneedle2" layername="swap_hneedle2" frame="0" z_index="1" m_a="0.907526" m_b="0.000000" m_c="0.000000" m_d="1.103960" m_tx="3.964035" m_ty="-92.284569"/>
  </frame>
  <frame idx="900" w="106" h="577" x="-4.622665" y="-159.989487">
   <element name="swap_hneedle2" layername="swap_hneedle2" frame="0" z_index="1" m_a="0.907526" m_b="0.000000" m_c="0.000000" m_d="1.103960" m_tx="3.964035" m_ty="-92.284569"/>
  </frame>
  <frame idx="925" w="106" h="577" x="-4.622665" y="-159.989487">
   <element name="swap_hneedle2" layername="swap_hneedle2" frame="0" z_index="1" m_a="0.907526" m_b="0.000000" m_c="0.000000" m_d="1.103960" m_tx="3.964035" m_ty="-92.284569"/>
  </frame>
  <frame idx="950" w="106" h="577" x="-4.622665" y="-159.989487">
   <element name="swap_hneedle2" layername="swap_hneedle2" frame="0" z_index="1" m_a="0.907526" m_b="0.000000" m_c="0.000000" m_d="1.103960" m_tx="3.964035" m_ty="-92.284569"/>
  </frame>
  <frame idx="975" w="106" h="577" x="-4.622665" y="-159.989487">
   <element name="swap_hneedle2" layername="swap_hneedle2" frame="0" z_index="1" m_a="0.907526" m_b="0.000000" m_c="0.000000" m_d="1.103960" m_tx="3.964035" m_ty="-92.284569"/>
  </frame>
 </anim>
</Anims>
